{
  "version": 6,
  "entities": [
    {
      "entity": {
        "type": "Project",
        "id": "a092b3c6-cf8b-4a3b-a395-8476a5a72458",
        "name": "Tripbooking"
      },
      "children": [
        {
          "entity": {
            "type": "Service",
            "description": "",
            "id": "a43ad531-15d4-4287-ac32-1bc0484ba60a",
            "name": "Trip"
          },
          "children": [
            {
              "entity": {
                "type": "Request",
                "method": {
                  "link": "http://tools.ietf.org/html/rfc7231#section-4.3.5",
                  "name": "DELETE"
                },
                "body": {
                  "formBody": {
                    "overrideContentType": true,
                    "encoding": "application/x-www-form-urlencoded",
                    "items": []
                  },
                  "bodyType": "Text"
                },
                "uri": {
                  "query": {
                    "delimiter": "&",
                    "items": []
                  },
                  "scheme": {
                    "name": "http",
                    "version": "V11"
                  },
                  "host": "localhost",
                  "path": "/tripbooking/trip/18"
                },
                "id": "14355e5f-2e83-487c-b994-5e9bd0c527ed",
                "name": "Delete /trip/id",
                "headers": []
              }
            },
            {
              "entity": {
                "type": "Request",
                "method": {
                  "link": "http://tools.ietf.org/html/rfc7231#section-4.3.1",
                  "name": "GET"
                },
                "body": {
                  "formBody": {
                    "overrideContentType": true,
                    "encoding": "application/x-www-form-urlencoded",
                    "items": []
                  },
                  "bodyType": "Text"
                },
                "uri": {
                  "query": {
                    "delimiter": "&",
                    "items": []
                  },
                  "scheme": {
                    "name": "http",
                    "version": "V11"
                  },
                  "host": "localhost",
                  "path": "/tripbooking/trip"
                },
                "id": "9f494cf0-5025-45a9-8f30-96c29e10334e",
                "name": "Get /trip",
                "headers": []
              }
            },
            {
              "entity": {
                "type": "Request",
                "method": {
                  "link": "http://tools.ietf.org/html/rfc7231#section-4.3.1",
                  "name": "GET"
                },
                "body": {
                  "formBody": {
                    "overrideContentType": true,
                    "encoding": "application/x-www-form-urlencoded",
                    "items": []
                  },
                  "bodyType": "Text"
                },
                "uri": {
                  "query": {
                    "delimiter": "&",
                    "items": []
                  },
                  "scheme": {
                    "name": "http",
                    "version": "V11"
                  },
                  "host": "localhost",
                  "path": "/tripbooking/trip/18"
                },
                "id": "2785cdec-7751-4530-8e04-189f91aa2143",
                "name": "Get /trip/{id}",
                "headers": []
              }
            },
            {
              "entity": {
                "type": "Request",
                "method": {
                  "link": "http://tools.ietf.org/html/rfc7231#section-4.3.1",
                  "name": "GET"
                },
                "body": {
                  "formBody": {
                    "overrideContentType": true,
                    "encoding": "application/x-www-form-urlencoded",
                    "items": []
                  },
                  "bodyType": "Text"
                },
                "uri": {
                  "query": {
                    "delimiter": "&",
                    "items": [
                      {
                        "enabled": true,
                        "name": "name",
                        "value": "ฟูจิ"
                      }
                    ]
                  },
                  "scheme": {
                    "name": "http",
                    "version": "V11"
                  },
                  "host": "localhost",
                  "path": "/tripbooking/trip"
                },
                "id": "2148c414-cd91-442d-9b79-8bde9af623a9",
                "name": "Get /trip?name",
                "headers": []
              }
            },
            {
              "entity": {
                "type": "Request",
                "method": {
                  "requestBody": true,
                  "link": "http://tools.ietf.org/html/rfc7231#section-4.3.3",
                  "name": "POST"
                },
                "body": {
                  "formBody": {
                    "overrideContentType": true,
                    "encoding": "application/x-www-form-urlencoded",
                    "items": []
                  },
                  "bodyType": "Text",
                  "textBody": "{\n  \"name\": \"อันซีนสวิตเซอร์แลนด์\",\n  \"country\": \"สวิตเซอร์แลนด์\",\n  \"destinationid\": 2,\n  \"coverimage\": \"https://themomentum.co/wp-content/uploads/2018/10/TheMo_Thumbnail-Switzerland.png\",\n  \"detail\": \"เที่ยวเต็มอิ่ม กับทัวร์สวิตเซอร์แลนด์ พร้อมเส้นทางฮิต นำท่านเยือนเมืองชาฟเฮาเซ่น ชมน้ำตกไรน์ ที่มีขนาดใหญ่ที่สุดในยุโรป เที่ยวกรุงเบิร์น ตามรอยเสด็จประพาส ณ เมืองโลซานน์ ชมปราสาทชิลยอง เที่ยวเมืองเซอร์แมท ชมยอดเขาแมททอร์ฮอร์น เที่ยวเมืองเวเว่ย์ ฉายา ไข่มุกแห่งริเวียร่าสวิส พิชิต 2 เขา ยอดเขาจุงเฟรา (Jungfrau) และ เขากลาเซียร์ 3000 (Glacier 3000 *ทานอาหารกลางวันบนเรือสำราญทะเลสาบเจนีวา *พร้อมอร่อยกับเมนูพิเศษ Swiss Fondue จองเลย\",\n  \"price\": 119900,\n  \"duration\": 10\n}"
                },
                "uri": {
                  "query": {
                    "delimiter": "&",
                    "items": []
                  },
                  "scheme": {
                    "name": "http",
                    "version": "V11"
                  },
                  "host": "localhost",
                  "path": "/tripbooking/trip"
                },
                "id": "ca8bfed7-22e0-4864-b62a-9fbd0ffd090a",
                "name": "Post /trip",
                "headers": [
                  {
                    "enabled": true,
                    "name": "Content-Type",
                    "value": "application/json"
                  }
                ]
              }
            },
            {
              "entity": {
                "type": "Request",
                "method": {
                  "requestBody": true,
                  "link": "http://tools.ietf.org/html/rfc7231#section-4.3.4",
                  "name": "PUT"
                },
                "body": {
                  "formBody": {
                    "overrideContentType": true,
                    "encoding": "application/x-www-form-urlencoded",
                    "items": []
                  },
                  "bodyType": "Text",
                  "textBody": "{\n  \"name\": \"อันซีนสวิตเซอร์แลนด์\",\n  \"country\": \"สวิตเซอร์แลนด์\",\n  \"destinationid\": 2,\n  \"coverimage\": \"https://themomentum.co/wp-content/uploads/2018/10/TheMo_Thumbnail-Switzerland.png\",\n  \"detail\": \"เที่ยวเต็มอิ่ม กับทัวร์สวิตเซอร์แลนด์ พร้อมเส้นทางฮิต นำท่านเยือนเมืองชาฟเฮาเซ่น ชมน้ำตกไรน์ ที่มีขนาดใหญ่ที่สุดในยุโรป เที่ยวกรุงเบิร์น ตามรอยเสด็จประพาส ณ เมืองโลซานน์ ชมปราสาทชิลยอง เที่ยวเมืองเซอร์แมท ชมยอดเขาแมททอร์ฮอร์น เที่ยวเมืองเวเว่ย์ ฉายา ไข่มุกแห่งริเวียร่าสวิส พิชิต 2 เขา ยอดเขาจุงเฟรา (Jungfrau) และ เขากลาเซียร์ 3000 (Glacier 3000 *ทานอาหารกลางวันบนเรือสำราญทะเลสาบเจนีวา *พร้อมอร่อยกับเมนูพิเศษ Swiss Fondue จองเลย\",\n  \"price\": 119900,\n  \"duration\": 10\n}"
                },
                "uri": {
                  "query": {
                    "delimiter": "&",
                    "items": []
                  },
                  "scheme": {
                    "name": "http",
                    "version": "V11"
                  },
                  "host": "localhost",
                  "path": "/tripbooking/trip/19"
                },
                "id": "12964e26-1293-4c3f-bd92-e0a8fe694357",
                "name": "Put /trip",
                "headers": [
                  {
                    "enabled": true,
                    "name": "Content-Type",
                    "value": "application/json"
                  }
                ]
              }
            }
          ]
        },
        {
          "entity": {
            "type": "Service",
            "id": "3bc032a8-2632-4c32-8f46-22970786ac39",
            "name": "Upload"
          },
          "children": [
            {
              "entity": {
                "type": "Request",
                "method": {
                  "requestBody": true,
                  "link": "http://tools.ietf.org/html/rfc7231#section-4.3.3",
                  "name": "POST"
                },
                "body": {
                  "formBody": {
                    "overrideContentType": true,
                    "encoding": "multipart/form-data",
                    "items": [
                      {
                        "enabled": true,
                        "type": "File",
                        "name": "file"
                      }
                    ]
                  },
                  "bodyType": "Form"
                },
                "uri": {
                  "query": {
                    "delimiter": "&",
                    "items": []
                  },
                  "scheme": {
                    "name": "http",
                    "version": "V11"
                  },
                  "host": "localhost",
                  "path": "/tripbooking/upload"
                },
                "id": "6aca3797-1a1e-411c-a6e3-2d83527ac558",
                "name": "Post /upload",
                "headers": [
                  {
                    "enabled": true,
                    "name": "Content-Type",
                    "value": "multipart/form-data"
                  }
                ]
              }
            }
          ]
        },
        {
          "entity": {
            "type": "Request",
            "method": {
              "link": "http://tools.ietf.org/html/rfc7231#section-4.3.1",
              "name": "GET"
            },
            "body": {
              "formBody": {
                "overrideContentType": true,
                "encoding": "application/x-www-form-urlencoded",
                "items": []
              },
              "bodyType": "Text"
            },
            "uri": {
              "query": {
                "delimiter": "&",
                "items": []
              },
              "scheme": {
                "name": "http",
                "version": "V11"
              },
              "host": "localhost",
              "path": "/tripbooking/ping"
            },
            "id": "19badc25-a381-470f-ba88-71575a462141",
            "name": "Ping-Pong",
            "headers": []
          }
        }
      ]
    }
  ]
}